C_BCI,G_BCI,C_Breast,G_Breast,C_Diabetes,G_Diabetes,C_Liver,G_Liver,C_CollectedData,G_CollectedData,C_S4b,G_S4b,Iterations,C1,C2,Size
283.86,0.027677,0.82273,0.0013684,2.5845,3.4267e-05,1.2187,0.00093599,11.469,2.2075,0,0,100,2.6,1.5,20
3,0.001,40,13.039,40,3.5299,16,3.2071,116,1.0963,0,0,100,2.6,1.5,20
